OrderID,OrderDate,CustomerID,CustomerName,City,Product,Category,Quantity,UnitPrice,PaymentMethod
1000,2024-11-23,C128,Customer_7,Chennai,Shoes,Fashion,2,1871,UPI
1001,2024-12-12,C289,Customer_140,Delhi,Jeans,Fashion,4,2016,UPI
1002,2024-02-17,C155,Customer_60,Mumbai,Camera,Electronics,2,40166,Wallet
1003,2024-08-02,C156,Customer_115,Chennai,Laptop,Electronics,2,55157,NetBanking
1004,2024-06-23,C171,Customer_40,Hyderabad,Watch,Accessories,1,2847,NetBanking
1005,2024-02-19,C191,Customer_89,Chennai,Laptop,Electronics,4,55074,UPI
1006,2024-07-12,C120,Customer_142,Chennai,Jeans,Fashion,3,2295,Card
1007,2024-12-26,C117,Customer_12,Hyderabad,T-shirt,Fashion,1,719,UPI
1008,2024-07-13,C171,Customer_117,Pune,Headphones,Electronics,3,1481,Card
1009,2024-12-09,C168,Customer_180,Delhi,Jeans,Fashion,2,2273,Card
1010,2024-03-24,C218,Customer_98,Chennai,Camera,Electronics,2,40150,COD
1011,2024-01-29,C158,Customer_9,Pune,Backpack,Accessories,3,1033,Card
1012,2024-10-17,C283,Customer_81,Hyderabad,Tablet,Electronics,4,18129,NetBanking
1013,2024-03-14,C167,Customer_36,Hyderabad,Camera,Electronics,5,39934,Wallet
1014,2024-08-07,C249,Customer_103,Pune,Shoes,Fashion,2,2060,NetBanking
1015,2024-02-16,C293,Customer_13,Delhi,Headphones,Electronics,2,1648,NetBanking
1016,2024-11-01,C116,Customer_99,Kolkata,Jeans,Fashion,4,2270,COD
1017,2024-10-10,C102,Customer_175,Delhi,Camera,Electronics,3,40193,COD
1018,2024-02-27,C175,Customer_112,Bangalore,Tablet,Electronics,1,18169,COD
1019,2024-09-13,C295,Customer_46,Delhi,T-shirt,Fashion,5,911,Card
1020,2024-03-19,C195,Customer_196,Bangalore,Camera,Electronics,5,39800,Wallet
1021,2024-06-14,C225,Customer_5,Delhi,Watch,Accessories,3,2922,UPI
1022,2024-05-03,C245,Customer_21,Delhi,Tablet,Electronics,1,18189,Wallet
1023,2024-03-05,C132,Customer_169,Ahmedabad,Camera,Electronics,2,39935,Wallet
1024,2024-11-06,C208,Customer_55,Hyderabad,T-shirt,Fashion,4,943,COD
1025,2024-08-12,C232,Customer_116,Delhi,Shoes,Fashion,2,1832,COD
1026,2024-01-11,C250,Customer_142,Hyderabad,Jeans,Fashion,2,2003,UPI
1027,2024-12-28,C261,Customer_16,Hyderabad,Smartphone,Electronics,1,24969,UPI
1028,2024-09-20,C160,Customer_72,Ahmedabad,Shoes,Fashion,5,1867,Wallet
1029,2024-10-22,C221,Customer_63,Ahmedabad,Backpack,Accessories,2,1048,UPI
1030,2024-12-03,C210,Customer_91,Kolkata,Backpack,Accessories,4,1373,UPI
1031,2024-12-10,C267,Customer_166,Delhi,Laptop,Electronics,4,55172,COD
1032,2024-02-25,C163,Customer_50,Hyderabad,Camera,Electronics,4,39871,NetBanking
1033,2024-04-03,C171,Customer_119,Hyderabad,Smartphone,Electronics,4,25081,UPI
1034,2024-01-26,C266,Customer_139,Mumbai,Smartphone,Electronics,2,24885,NetBanking
1035,2024-09-05,C223,Customer_55,Kolkata,Laptop,Electronics,2,54994,UPI
1036,2024-07-18,C167,Customer_117,Chennai,Backpack,Accessories,5,1338,NetBanking
1037,2024-03-20,C148,Customer_76,Hyderabad,Laptop,Electronics,5,55176,Wallet
1038,2024-02-01,C291,Customer_81,Mumbai,Laptop,Electronics,5,55044,Wallet
1039,2024-09-28,C140,Customer_15,Delhi,Headphones,Electronics,1,1604,UPI
1040,2024-12-11,C160,Customer_104,Delhi,Jeans,Fashion,2,2296,Wallet
1041,2024-01-21,C258,Customer_21,Kolkata,Jeans,Fashion,5,2267,COD
1042,2024-05-13,C152,Customer_172,Pune,Shoes,Fashion,3,2002,Card
1043,2024-12-09,C265,Customer_77,Ahmedabad,Watch,Accessories,1,2804,NetBanking
1044,2024-11-14,C244,Customer_26,Delhi,Camera,Electronics,2,40059,COD
1045,2024-03-08,C189,Customer_18,Hyderabad,Watch,Accessories,3,2880,NetBanking
1046,2024-10-05,C280,Customer_78,Mumbai,Camera,Electronics,3,40139,UPI
1047,2024-03-09,C167,Customer_30,Delhi,Camera,Electronics,2,39939,COD
1048,2024-11-05,C153,Customer_184,Pune,Shoes,Fashion,3,2058,NetBanking
1049,2024-05-08,C113,Customer_24,Kolkata,T-shirt,Fashion,1,601,COD
1050,2024-03-07,C263,Customer_68,Bangalore,Tablet,Electronics,5,18161,NetBanking
1051,2024-10-14,C102,Customer_29,Delhi,Headphones,Electronics,5,1318,COD
1052,2024-10-25,C241,Customer_38,Kolkata,Headphones,Electronics,1,1457,COD
1053,2024-01-21,C191,Customer_54,Hyderabad,Smartphone,Electronics,3,25199,Wallet
1054,2024-07-27,C258,Customer_192,Bangalore,Shoes,Fashion,2,1890,NetBanking
1055,2024-01-13,C145,Customer_189,Pune,Backpack,Accessories,2,1136,Card
1056,2024-12-25,C127,Customer_98,Mumbai,Tablet,Electronics,2,17902,NetBanking
1057,2024-06-28,C178,Customer_59,Hyderabad,Laptop,Electronics,2,55004,COD
1058,2024-05-22,C117,Customer_198,Chennai,Watch,Accessories,5,3004,Wallet
1059,2024-06-18,C107,Customer_30,Chennai,Headphones,Electronics,5,1435,UPI
1060,2024-02-25,C252,Customer_112,Pune,Watch,Accessories,4,3110,Wallet
1061,2024-02-29,C198,Customer_148,Hyderabad,T-shirt,Fashion,1,962,NetBanking
1062,2024-01-01,C233,Customer_138,Hyderabad,Watch,Accessories,4,2835,COD
1063,2024-11-15,C180,Customer_170,Delhi,T-shirt,Fashion,5,758,NetBanking
1064,2024-06-16,C203,Customer_179,Chennai,Camera,Electronics,2,39898,NetBanking
1065,2024-12-06,C197,Customer_174,Bangalore,Jeans,Fashion,5,2154,NetBanking
1066,2024-10-07,C100,Customer_78,Chennai,Shoes,Fashion,4,2096,Wallet
1067,2024-12-01,C182,Customer_120,Ahmedabad,Tablet,Electronics,2,18061,NetBanking
1068,2024-03-27,C268,Customer_22,Chennai,Camera,Electronics,5,39971,UPI
1069,2024-04-30,C272,Customer_80,Hyderabad,Shoes,Fashion,2,1812,UPI
1070,2024-05-05,C221,Customer_157,Delhi,Tablet,Electronics,4,18122,Wallet
1071,2024-04-09,C283,Customer_179,Kolkata,Tablet,Electronics,4,17924,Card
1072,2024-12-01,C276,Customer_2,Delhi,Backpack,Accessories,2,1090,Wallet
1073,2024-08-25,C112,Customer_143,Hyderabad,Smartphone,Electronics,4,24868,NetBanking
1074,2024-12-07,C235,Customer_144,Pune,Tablet,Electronics,5,18168,Wallet
1075,2024-08-06,C240,Customer_115,Bangalore,Tablet,Electronics,4,17932,Card
1076,2024-11-22,C170,Customer_197,Ahmedabad,Shoes,Fashion,3,2025,UPI
1077,2024-05-26,C160,Customer_70,Pune,Watch,Accessories,5,2841,Card
1078,2024-03-18,C159,Customer_99,Bangalore,Shoes,Fashion,1,2012,NetBanking
1079,2024-06-18,C238,Customer_120,Kolkata,Laptop,Electronics,2,55015,NetBanking
1080,2024-10-26,C278,Customer_6,Kolkata,Tablet,Electronics,1,17980,COD
1081,2024-07-18,C207,Customer_138,Hyderabad,Tablet,Electronics,2,17939,NetBanking
1082,2024-09-05,C107,Customer_100,Pune,Backpack,Accessories,2,1239,Card
1083,2024-11-14,C236,Customer_7,Kolkata,Jeans,Fashion,5,2339,UPI
1084,2024-02-12,C264,Customer_110,Bangalore,Tablet,Electronics,2,17825,COD
1085,2024-07-13,C183,Customer_55,Ahmedabad,Watch,Accessories,3,3189,NetBanking
1086,2024-05-22,C292,Customer_108,Chennai,Smartphone,Electronics,4,24809,Wallet
1087,2024-01-27,C189,Customer_58,Delhi,Laptop,Electronics,1,54926,Card
1088,2024-01-11,C259,Customer_40,Hyderabad,Headphones,Electronics,4,1642,UPI
1089,2024-10-15,C155,Customer_120,Chennai,Watch,Accessories,2,3110,Wallet
1090,2024-02-28,C299,Customer_42,Chennai,Smartphone,Electronics,5,24813,COD
1091,2024-10-21,C273,Customer_97,Kolkata,Shoes,Fashion,1,2103,Card
1092,2024-02-22,C278,Customer_198,Chennai,Jeans,Fashion,1,2289,UPI
1093,2024-06-26,C236,Customer_110,Pune,Smartphone,Electronics,5,25131,COD
1094,2024-01-07,C207,Customer_126,Delhi,Backpack,Accessories,3,1325,NetBanking
1095,2024-12-28,C139,Customer_112,Bangalore,Camera,Electronics,3,40115,Wallet
1096,2024-09-04,C219,Customer_112,Chennai,Watch,Accessories,2,2844,COD
1097,2024-08-18,C162,Customer_193,Ahmedabad,Jeans,Fashion,5,2342,NetBanking
1098,2024-06-21,C107,Customer_127,Pune,Headphones,Electronics,4,1408,COD
1099,2024-05-12,C187,Customer_72,Chennai,Camera,Electronics,1,40064,Card
1100,2024-02-13,C161,Customer_185,Kolkata,Tablet,Electronics,5,18188,Card
1101,2024-12-19,C221,Customer_166,Ahmedabad,Tablet,Electronics,1,17847,COD
1102,2024-04-23,C203,Customer_178,Hyderabad,T-shirt,Fashion,5,788,NetBanking
1103,2024-10-10,C235,Customer_89,Kolkata,Camera,Electronics,3,39980,NetBanking
1104,2024-05-18,C178,Customer_65,Hyderabad,Smartphone,Electronics,2,24961,UPI
1105,2024-10-01,C295,Customer_177,Bangalore,Shoes,Fashion,2,2178,NetBanking
1106,2024-05-21,C285,Customer_151,Chennai,Smartphone,Electronics,2,24951,Card
1107,2024-07-03,C145,Customer_78,Mumbai,Camera,Electronics,2,39940,UPI
1108,2024-01-28,C241,Customer_75,Bangalore,Tablet,Electronics,1,17806,Wallet
1109,2024-05-25,C220,Customer_123,Ahmedabad,Watch,Accessories,2,2826,COD
1110,2024-09-01,C129,Customer_17,Kolkata,Tablet,Electronics,1,18095,UPI
1111,2024-03-18,C138,Customer_145,Chennai,Smartphone,Electronics,2,24860,Wallet
1112,2024-08-01,C255,Customer_153,Hyderabad,Camera,Electronics,4,40030,NetBanking
1113,2024-06-01,C250,Customer_110,Chennai,Jeans,Fashion,5,2030,Wallet
1114,2024-02-20,C295,Customer_54,Hyderabad,T-shirt,Fashion,1,680,Card
1115,2024-03-29,C241,Customer_20,Bangalore,Laptop,Electronics,4,55030,Wallet
1116,2024-08-28,C174,Customer_9,Hyderabad,T-shirt,Fashion,3,959,NetBanking
1117,2024-02-06,C275,Customer_60,Chennai,Jeans,Fashion,2,2217,UPI
1118,2024-10-05,C157,Customer_166,Bangalore,T-shirt,Fashion,2,636,UPI
1119,2024-03-25,C178,Customer_153,Chennai,Tablet,Electronics,1,18039,COD
1120,2024-12-24,C203,Customer_70,Ahmedabad,Tablet,Electronics,1,18106,UPI
1121,2024-08-09,C288,Customer_83,Chennai,Laptop,Electronics,1,54917,Wallet
1122,2024-10-27,C105,Customer_196,Chennai,Jeans,Fashion,1,2390,Card
1123,2024-08-28,C232,Customer_167,Ahmedabad,T-shirt,Fashion,2,899,NetBanking
1124,2024-11-21,C225,Customer_24,Ahmedabad,Watch,Accessories,4,2970,COD
1125,2024-12-09,C126,Customer_42,Pune,Backpack,Accessories,4,1147,NetBanking
1126,2024-10-08,C109,Customer_117,Delhi,Watch,Accessories,3,2965,UPI
1127,2024-07-25,C231,Customer_1,Ahmedabad,Backpack,Accessories,1,1096,Wallet
1128,2024-07-04,C259,Customer_194,Ahmedabad,Tablet,Electronics,1,17904,COD
1129,2024-10-08,C133,Customer_74,Ahmedabad,Tablet,Electronics,1,17814,Wallet
1130,2024-05-02,C281,Customer_41,Chennai,Camera,Electronics,1,40082,NetBanking
1131,2024-02-17,C157,Customer_30,Ahmedabad,Smartphone,Electronics,2,25055,COD
1132,2024-09-17,C280,Customer_70,Kolkata,Tablet,Electronics,4,17924,NetBanking
1133,2024-10-09,C137,Customer_99,Hyderabad,Jeans,Fashion,5,2382,Card
1134,2024-02-05,C170,Customer_198,Kolkata,Watch,Accessories,5,2936,UPI
1135,2024-05-24,C285,Customer_77,Ahmedabad,Headphones,Electronics,4,1575,NetBanking
1136,2024-06-25,C185,Customer_142,Kolkata,Tablet,Electronics,3,17896,Card
1137,2024-10-19,C198,Customer_60,Kolkata,Laptop,Electronics,3,55181,NetBanking
1138,2024-12-27,C197,Customer_99,Bangalore,Tablet,Electronics,1,17864,Wallet
1139,2024-10-29,C184,Customer_26,Ahmedabad,Smartphone,Electronics,5,25033,UPI
1140,2024-03-14,C204,Customer_168,Bangalore,Smartphone,Electronics,4,25200,COD
1141,2024-06-22,C259,Customer_178,Kolkata,Smartphone,Electronics,3,25145,Wallet
1142,2024-07-13,C181,Customer_161,Ahmedabad,Camera,Electronics,1,40116,UPI
1143,2024-04-30,C261,Customer_176,Chennai,Shoes,Fashion,1,2022,UPI
1144,2024-11-20,C280,Customer_26,Ahmedabad,Headphones,Electronics,3,1314,UPI
1145,2024-06-15,C114,Customer_76,Pune,Watch,Accessories,4,2874,Card
1146,2024-09-28,C205,Customer_145,Bangalore,Headphones,Electronics,2,1340,Wallet
1147,2024-07-14,C258,Customer_175,Hyderabad,Tablet,Electronics,5,17873,Card
1148,2024-08-24,C263,Customer_66,Ahmedabad,T-shirt,Fashion,1,838,COD
1149,2024-12-12,C239,Customer_41,Delhi,Tablet,Electronics,3,18100,COD
1150,2024-11-23,C208,Customer_177,Chennai,Tablet,Electronics,3,17901,NetBanking
1151,2024-09-04,C127,Customer_61,Kolkata,Jeans,Fashion,3,2294,COD
1152,2024-12-24,C175,Customer_6,Kolkata,T-shirt,Fashion,1,889,UPI
1153,2024-11-06,C290,Customer_128,Chennai,Shoes,Fashion,5,1980,Card
1154,2024-11-21,C148,Customer_159,Chennai,Headphones,Electronics,1,1621,UPI
1155,2024-06-07,C212,Customer_9,Pune,Headphones,Electronics,1,1451,COD
1156,2024-07-31,C144,Customer_52,Bangalore,Camera,Electronics,3,40071,Wallet
1157,2024-05-19,C142,Customer_66,Ahmedabad,T-shirt,Fashion,3,658,NetBanking
1158,2024-02-08,C136,Customer_194,Hyderabad,Backpack,Accessories,5,1187,UPI
1159,2024-07-21,C103,Customer_68,Delhi,Tablet,Electronics,3,18144,COD
1160,2024-10-26,C197,Customer_164,Pune,Smartphone,Electronics,2,25041,UPI
1161,2024-11-13,C243,Customer_84,Hyderabad,Smartphone,Electronics,4,25158,COD
1162,2024-11-28,C204,Customer_30,Bangalore,Laptop,Electronics,1,54955,NetBanking
1163,2024-02-29,C124,Customer_61,Bangalore,Backpack,Accessories,4,1189,Wallet
1164,2024-08-02,C250,Customer_191,Bangalore,Backpack,Accessories,1,1250,Wallet
1165,2024-07-27,C171,Customer_9,Pune,Shoes,Fashion,4,2027,Card
1166,2024-07-04,C125,Customer_176,Pune,Camera,Electronics,3,39831,NetBanking
1167,2024-05-21,C148,Customer_32,Ahmedabad,Smartphone,Electronics,2,25128,Wallet
1168,2024-01-11,C112,Customer_86,Hyderabad,Headphones,Electronics,5,1405,UPI
1169,2024-10-10,C153,Customer_151,Hyderabad,Shoes,Fashion,3,2196,Card
1170,2024-11-01,C100,Customer_71,Bangalore,Headphones,Electronics,5,1428,Card
1171,2024-02-26,C269,Customer_7,Bangalore,Laptop,Electronics,3,54921,Wallet
1172,2024-06-14,C104,Customer_45,Chennai,Laptop,Electronics,2,55179,NetBanking
1173,2024-09-26,C129,Customer_191,Delhi,Tablet,Electronics,4,18198,COD
1174,2024-09-19,C251,Customer_28,Ahmedabad,Camera,Electronics,2,40114,UPI
1175,2024-12-03,C233,Customer_78,Ahmedabad,Laptop,Electronics,1,55045,NetBanking
1176,2024-08-06,C275,Customer_28,Ahmedabad,Tablet,Electronics,1,17841,COD
1177,2024-11-07,C137,Customer_17,Bangalore,T-shirt,Fashion,5,924,Wallet
1178,2024-10-07,C282,Customer_84,Kolkata,Jeans,Fashion,5,2150,NetBanking
1179,2024-09-15,C254,Customer_111,Delhi,Smartphone,Electronics,5,25169,Card
1180,2024-08-08,C215,Customer_59,Kolkata,Watch,Accessories,4,3004,NetBanking
1181,2024-02-18,C180,Customer_110,Pune,T-shirt,Fashion,3,678,NetBanking
1182,2024-02-04,C123,Customer_22,Delhi,Backpack,Accessories,1,1381,COD
1183,2024-03-07,C242,Customer_16,Pune,Smartphone,Electronics,4,24981,NetBanking
1184,2024-01-27,C173,Customer_154,Chennai,Watch,Accessories,1,3095,Wallet
1185,2024-04-18,C139,Customer_169,Ahmedabad,Shoes,Fashion,1,1979,Wallet
1186,2024-07-07,C129,Customer_196,Chennai,Jeans,Fashion,2,2219,Wallet
1187,2024-11-14,C257,Customer_173,Mumbai,Jeans,Fashion,3,2014,Card
1188,2024-05-19,C279,Customer_196,Chennai,Watch,Accessories,3,2803,Card
1189,2024-03-14,C244,Customer_169,Kolkata,Smartphone,Electronics,2,25179,UPI
1190,2024-02-16,C291,Customer_136,Hyderabad,Backpack,Accessories,4,1232,COD
1191,2024-03-21,C194,Customer_80,Pune,Jeans,Fashion,5,2043,UPI
1192,2024-03-20,C140,Customer_194,Mumbai,Smartphone,Electronics,3,25026,NetBanking
1193,2024-09-05,C255,Customer_114,Kolkata,T-shirt,Fashion,2,986,Wallet
1194,2024-02-28,C188,Customer_111,Delhi,T-shirt,Fashion,5,849,Wallet
1195,2024-12-07,C178,Customer_12,Hyderabad,Backpack,Accessories,5,1028,UPI
1196,2024-04-14,C177,Customer_55,Bangalore,T-shirt,Fashion,3,767,UPI
1197,2024-01-04,C227,Customer_192,Kolkata,Headphones,Electronics,2,1494,Wallet
1198,2024-12-26,C158,Customer_129,Pune,Smartphone,Electronics,4,25179,UPI
1199,2024-08-11,C104,Customer_118,Delhi,Watch,Accessories,5,3019,Wallet
1200,2024-07-26,C281,Customer_164,Kolkata,T-shirt,Fashion,1,807,UPI
1201,2024-06-15,C143,Customer_159,Ahmedabad,Watch,Accessories,1,3023,UPI
1202,2024-05-04,C211,Customer_151,Kolkata,Camera,Electronics,1,40002,COD
1203,2024-06-22,C156,Customer_86,Bangalore,Smartphone,Electronics,5,25124,UPI
1204,2024-09-28,C230,Customer_50,Pune,Watch,Accessories,2,2920,UPI
1205,2024-03-15,C165,Customer_51,Bangalore,Jeans,Fashion,2,2389,UPI
1206,2024-03-31,C297,Customer_161,Ahmedabad,Tablet,Electronics,5,18189,Wallet
1207,2024-08-17,C274,Customer_145,Pune,Watch,Accessories,2,3025,UPI
1208,2024-08-28,C213,Customer_162,Chennai,T-shirt,Fashion,5,628,COD
1209,2024-09-16,C118,Customer_80,Ahmedabad,Tablet,Electronics,1,17829,COD
1210,2024-05-26,C119,Customer_166,Delhi,Jeans,Fashion,5,2259,NetBanking
1211,2024-08-24,C248,Customer_142,Mumbai,Tablet,Electronics,5,18133,Card
1212,2024-06-13,C254,Customer_122,Bangalore,Laptop,Electronics,4,54852,COD
1213,2024-02-13,C229,Customer_166,Bangalore,Laptop,Electronics,2,55162,NetBanking
1214,2024-08-12,C234,Customer_134,Bangalore,Watch,Accessories,3,2944,NetBanking
1215,2024-07-28,C298,Customer_87,Mumbai,Watch,Accessories,1,2968,UPI
1216,2024-10-12,C273,Customer_99,Chennai,T-shirt,Fashion,5,676,COD
1217,2024-02-11,C249,Customer_170,Bangalore,Watch,Accessories,3,3135,NetBanking
1218,2024-03-07,C252,Customer_182,Delhi,T-shirt,Fashion,5,792,COD
1219,2024-03-06,C271,Customer_180,Delhi,Backpack,Accessories,5,1185,UPI
1220,2024-07-04,C179,Customer_47,Hyderabad,Watch,Accessories,4,2898,Card
1221,2024-03-11,C139,Customer_20,Chennai,Smartphone,Electronics,5,25194,Wallet
1222,2024-09-26,C109,Customer_170,Pune,Jeans,Fashion,2,2305,NetBanking
1223,2024-03-19,C141,Customer_47,Bangalore,Tablet,Electronics,1,18010,COD
1224,2024-12-12,C284,Customer_61,Ahmedabad,Jeans,Fashion,3,2385,NetBanking
1225,2024-04-29,C236,Customer_62,Chennai,Tablet,Electronics,2,17988,Wallet
1226,2024-08-13,C218,Customer_197,Chennai,Backpack,Accessories,5,1270,NetBanking
1227,2024-03-23,C151,Customer_155,Bangalore,T-shirt,Fashion,1,928,NetBanking
1228,2024-07-09,C241,Customer_27,Delhi,T-shirt,Fashion,1,990,Card
1229,2024-05-19,C215,Customer_132,Bangalore,Backpack,Accessories,1,1113,NetBanking
1230,2024-06-27,C106,Customer_107,Mumbai,Backpack,Accessories,5,1191,Card
1231,2024-07-16,C120,Customer_96,Hyderabad,Laptop,Electronics,3,54850,COD
1232,2024-03-15,C135,Customer_10,Chennai,Tablet,Electronics,2,18188,NetBanking
1233,2024-08-17,C257,Customer_2,Delhi,Laptop,Electronics,3,54910,Card
1234,2024-10-07,C286,Customer_156,Kolkata,Smartphone,Electronics,3,24921,COD
1235,2024-03-03,C112,Customer_62,Kolkata,Jeans,Fashion,4,2032,UPI
1236,2024-09-12,C252,Customer_138,Mumbai,Camera,Electronics,5,39923,Card
1237,2024-05-29,C209,Customer_1,Pune,Shoes,Fashion,5,2013,Card
1238,2024-12-06,C271,Customer_22,Pune,Smartphone,Electronics,5,25078,Wallet
1239,2024-09-16,C241,Customer_6,Kolkata,Tablet,Electronics,1,18125,NetBanking
1240,2024-07-10,C164,Customer_192,Mumbai,Watch,Accessories,1,2976,Card
1241,2024-12-02,C260,Customer_27,Pune,Headphones,Electronics,1,1480,Wallet
1242,2024-06-22,C264,Customer_45,Ahmedabad,Tablet,Electronics,2,17869,UPI
1243,2024-08-22,C109,Customer_76,Hyderabad,Laptop,Electronics,2,54821,COD
1244,2024-06-07,C231,Customer_102,Ahmedabad,T-shirt,Fashion,1,985,Card
1245,2024-05-26,C191,Customer_200,Mumbai,Watch,Accessories,3,2863,COD
1246,2024-08-11,C202,Customer_191,Ahmedabad,Backpack,Accessories,3,1095,NetBanking
1247,2024-12-20,C227,Customer_95,Chennai,Smartphone,Electronics,4,24840,NetBanking
1248,2024-11-04,C146,Customer_140,Chennai,Watch,Accessories,1,2840,COD
1249,2024-12-04,C175,Customer_79,Ahmedabad,Jeans,Fashion,4,2085,NetBanking
1250,2024-06-28,C214,Customer_11,Pune,Jeans,Fashion,4,2140,UPI
1251,2024-02-08,C271,Customer_164,Kolkata,Watch,Accessories,5,3183,Card
1252,2024-01-16,C136,Customer_156,Ahmedabad,Laptop,Electronics,2,54834,Card
1253,2024-11-26,C193,Customer_93,Kolkata,Jeans,Fashion,1,2309,Card
1254,2024-12-13,C215,Customer_95,Pune,Tablet,Electronics,1,18093,Card
1255,2024-09-28,C193,Customer_102,Pune,T-shirt,Fashion,2,658,UPI
1256,2024-04-05,C227,Customer_133,Kolkata,Camera,Electronics,1,39934,COD
1257,2024-12-26,C214,Customer_55,Chennai,Tablet,Electronics,2,17862,Card
1258,2024-02-07,C215,Customer_45,Ahmedabad,Smartphone,Electronics,3,25141,COD
1259,2024-12-29,C116,Customer_141,Chennai,T-shirt,Fashion,2,964,Card
1260,2024-07-04,C230,Customer_58,Delhi,Shoes,Fashion,2,1921,NetBanking
1261,2024-01-14,C192,Customer_142,Pune,Tablet,Electronics,5,17866,Wallet
1262,2024-02-14,C116,Customer_80,Kolkata,Tablet,Electronics,5,18010,NetBanking
1263,2024-10-21,C118,Customer_33,Pune,Smartphone,Electronics,4,25038,Wallet
1264,2024-06-25,C132,Customer_200,Bangalore,Headphones,Electronics,4,1557,UPI
1265,2024-03-04,C232,Customer_40,Chennai,Headphones,Electronics,2,1465,Card
1266,2024-06-26,C232,Customer_73,Delhi,T-shirt,Fashion,2,925,Wallet
1267,2024-05-20,C132,Customer_161,Chennai,Jeans,Fashion,5,2047,Wallet
1268,2024-11-24,C143,Customer_152,Bangalore,Headphones,Electronics,5,1668,Wallet
1269,2024-06-21,C244,Customer_11,Mumbai,Smartphone,Electronics,1,25128,Wallet
1270,2024-05-15,C266,Customer_54,Kolkata,Jeans,Fashion,1,2254,Wallet
1271,2024-05-28,C264,Customer_78,Ahmedabad,Shoes,Fashion,4,1952,NetBanking
1272,2024-02-07,C276,Customer_16,Bangalore,Tablet,Electronics,4,18047,NetBanking
1273,2024-04-14,C187,Customer_156,Bangalore,Watch,Accessories,3,3175,COD
1274,2024-07-23,C133,Customer_195,Pune,Camera,Electronics,5,39854,COD
1275,2024-05-03,C219,Customer_32,Chennai,Tablet,Electronics,2,17872,UPI
1276,2024-01-26,C174,Customer_99,Kolkata,Shoes,Fashion,2,1967,Wallet
1277,2024-06-09,C148,Customer_196,Bangalore,Tablet,Electronics,5,18039,NetBanking
1278,2024-06-06,C227,Customer_6,Delhi,Backpack,Accessories,5,1234,Card
1279,2024-04-20,C249,Customer_91,Mumbai,Laptop,Electronics,3,55053,Wallet
1280,2024-11-30,C272,Customer_121,Chennai,Camera,Electronics,1,39855,NetBanking
1281,2024-03-09,C167,Customer_187,Pune,Backpack,Accessories,3,1023,NetBanking
1282,2024-01-27,C245,Customer_144,Hyderabad,Watch,Accessories,5,2947,UPI
1283,2024-07-16,C229,Customer_116,Chennai,Jeans,Fashion,5,2060,Card
1284,2024-02-19,C200,Customer_96,Pune,Camera,Electronics,3,40186,Card
1285,2024-04-11,C254,Customer_131,Kolkata,Camera,Electronics,1,39823,UPI
1286,2024-03-11,C282,Customer_86,Ahmedabad,Camera,Electronics,4,39876,Wallet
1287,2024-09-20,C135,Customer_84,Pune,Headphones,Electronics,4,1615,COD
1288,2024-10-30,C186,Customer_130,Ahmedabad,Jeans,Fashion,3,2243,UPI
1289,2024-07-07,C184,Customer_173,Delhi,Backpack,Accessories,5,1157,UPI
1290,2024-11-01,C221,Customer_68,Hyderabad,Laptop,Electronics,5,55045,Card
1291,2024-09-25,C261,Customer_185,Kolkata,Headphones,Electronics,2,1316,Wallet
1292,2024-12-24,C128,Customer_49,Mumbai,Tablet,Electronics,3,18014,Card
1293,2024-07-30,C276,Customer_53,Kolkata,Camera,Electronics,5,40041,UPI
1294,2024-12-27,C135,Customer_133,Hyderabad,Camera,Electronics,3,40139,NetBanking
1295,2024-09-26,C196,Customer_81,Bangalore,Tablet,Electronics,5,17975,Wallet
1296,2024-06-30,C273,Customer_198,Chennai,Jeans,Fashion,4,2098,Card
1297,2024-05-22,C242,Customer_77,Hyderabad,T-shirt,Fashion,3,960,Card
1298,2024-12-19,C280,Customer_126,Pune,Tablet,Electronics,3,18086,COD
1299,2024-05-27,C131,Customer_147,Kolkata,Backpack,Accessories,3,1395,Card
1300,2024-05-28,C110,Customer_74,Delhi,Watch,Accessories,4,3135,COD
1301,2024-09-02,C154,Customer_52,Chennai,Camera,Electronics,3,39870,UPI
1302,2024-11-11,C289,Customer_151,Hyderabad,Shoes,Fashion,1,2142,Wallet
1303,2024-04-25,C263,Customer_60,Mumbai,Smartphone,Electronics,4,24969,NetBanking
1304,2024-02-21,C274,Customer_198,Bangalore,Laptop,Electronics,5,54880,NetBanking
1305,2024-11-30,C221,Customer_123,Hyderabad,T-shirt,Fashion,3,746,UPI
1306,2024-02-15,C266,Customer_147,Hyderabad,Camera,Electronics,1,39889,NetBanking
1307,2024-03-31,C109,Customer_102,Ahmedabad,Headphones,Electronics,3,1319,UPI
1308,2024-06-01,C245,Customer_155,Delhi,Watch,Accessories,3,3032,Wallet
1309,2024-09-25,C226,Customer_35,Ahmedabad,T-shirt,Fashion,2,657,COD
1310,2024-03-24,C287,Customer_118,Chennai,Headphones,Electronics,1,1677,COD
1311,2024-05-31,C245,Customer_173,Hyderabad,Headphones,Electronics,5,1627,NetBanking
1312,2024-08-06,C231,Customer_84,Delhi,Backpack,Accessories,1,1094,Card
1313,2024-09-01,C182,Customer_64,Mumbai,T-shirt,Fashion,4,720,NetBanking
1314,2024-05-16,C184,Customer_78,Mumbai,T-shirt,Fashion,3,954,Card
1315,2024-02-01,C270,Customer_31,Ahmedabad,T-shirt,Fashion,2,807,Wallet
1316,2024-12-26,C297,Customer_80,Delhi,T-shirt,Fashion,3,914,Card
1317,2024-04-22,C134,Customer_123,Bangalore,Tablet,Electronics,5,17991,NetBanking
1318,2024-12-25,C240,Customer_121,Hyderabad,Shoes,Fashion,5,1841,Wallet
1319,2024-08-16,C235,Customer_181,Pune,Smartphone,Electronics,5,24857,UPI
1320,2024-10-07,C229,Customer_52,Bangalore,Headphones,Electronics,3,1566,NetBanking
1321,2024-02-29,C274,Customer_53,Ahmedabad,Smartphone,Electronics,5,25028,UPI
1322,2024-08-20,C133,Customer_132,Kolkata,Tablet,Electronics,5,17829,Wallet
1323,2024-08-24,C272,Customer_79,Mumbai,Backpack,Accessories,3,1001,Card
1324,2024-10-23,C118,Customer_12,Kolkata,Watch,Accessories,1,3077,UPI
1325,2024-02-05,C220,Customer_9,Chennai,Backpack,Accessories,2,1393,Card
1326,2024-11-24,C286,Customer_166,Kolkata,Watch,Accessories,4,3029,NetBanking
1327,2024-07-11,C120,Customer_175,Bangalore,Watch,Accessories,1,2891,Wallet
1328,2024-07-20,C235,Customer_33,Hyderabad,Laptop,Electronics,1,54952,NetBanking
1329,2024-12-10,C284,Customer_140,Kolkata,Camera,Electronics,4,39917,Card
1330,2024-08-23,C188,Customer_40,Chennai,Shoes,Fashion,1,1816,NetBanking
1331,2024-11-10,C296,Customer_5,Hyderabad,Shoes,Fashion,1,1851,Wallet
1332,2024-01-18,C214,Customer_154,Mumbai,Shoes,Fashion,1,2005,NetBanking
1333,2024-04-29,C238,Customer_56,Mumbai,Headphones,Electronics,5,1448,Card
1334,2024-10-21,C181,Customer_148,Pune,Shoes,Fashion,3,1873,Wallet
1335,2024-04-23,C205,Customer_77,Chennai,Laptop,Electronics,5,55102,Card
1336,2024-11-16,C273,Customer_110,Ahmedabad,Laptop,Electronics,3,55129,NetBanking
1337,2024-09-25,C181,Customer_179,Kolkata,Backpack,Accessories,2,1153,NetBanking
1338,2024-04-04,C293,Customer_138,Ahmedabad,Shoes,Fashion,2,1953,Card
1339,2024-08-25,C114,Customer_144,Kolkata,Backpack,Accessories,5,1271,Card
1340,2024-07-17,C162,Customer_66,Hyderabad,Watch,Accessories,1,3030,COD
1341,2024-02-17,C237,Customer_186,Hyderabad,Laptop,Electronics,3,54993,Wallet
1342,2024-11-04,C110,Customer_19,Hyderabad,Jeans,Fashion,5,2111,NetBanking
1343,2024-04-16,C185,Customer_78,Mumbai,Shoes,Fashion,2,2179,UPI
1344,2024-09-02,C162,Customer_179,Hyderabad,Backpack,Accessories,2,1282,COD
1345,2024-05-24,C197,Customer_120,Pune,T-shirt,Fashion,3,784,Wallet
1346,2024-09-11,C219,Customer_26,Ahmedabad,Watch,Accessories,2,2989,COD
1347,2024-07-30,C111,Customer_145,Hyderabad,Headphones,Electronics,1,1433,Wallet
1348,2024-10-26,C248,Customer_185,Kolkata,T-shirt,Fashion,2,700,COD
1349,2024-04-27,C197,Customer_146,Hyderabad,Tablet,Electronics,5,18135,COD
1350,2024-05-11,C295,Customer_126,Ahmedabad,Tablet,Electronics,2,18175,COD
1351,2024-03-27,C135,Customer_185,Ahmedabad,Headphones,Electronics,5,1628,UPI
1352,2024-09-25,C108,Customer_20,Mumbai,Laptop,Electronics,4,54870,Card
1353,2024-02-04,C281,Customer_39,Mumbai,Shoes,Fashion,5,2033,COD
1354,2024-01-31,C258,Customer_164,Ahmedabad,Tablet,Electronics,1,17803,Wallet
1355,2024-10-09,C205,Customer_4,Mumbai,Camera,Electronics,3,40074,COD
1356,2024-01-09,C228,Customer_179,Kolkata,Headphones,Electronics,1,1349,Wallet
1357,2024-03-17,C161,Customer_50,Chennai,Watch,Accessories,3,3003,UPI
1358,2024-07-10,C203,Customer_118,Hyderabad,Shoes,Fashion,3,2150,UPI
1359,2024-11-30,C266,Customer_195,Mumbai,Smartphone,Electronics,4,24994,NetBanking
1360,2024-10-09,C221,Customer_15,Mumbai,Headphones,Electronics,1,1555,NetBanking
1361,2024-11-26,C300,Customer_85,Delhi,Camera,Electronics,1,39917,Card
1362,2024-12-20,C245,Customer_122,Chennai,Laptop,Electronics,1,55150,COD
1363,2024-10-05,C244,Customer_169,Mumbai,Headphones,Electronics,3,1308,Card
1364,2024-10-27,C136,Customer_193,Kolkata,Smartphone,Electronics,3,24883,Wallet
1365,2024-05-03,C245,Customer_100,Pune,Backpack,Accessories,2,1352,UPI
1366,2024-09-13,C290,Customer_89,Mumbai,Smartphone,Electronics,4,24918,UPI
1367,2024-06-23,C254,Customer_197,Kolkata,Watch,Accessories,1,3124,COD
1368,2024-08-18,C225,Customer_59,Pune,Camera,Electronics,4,40021,Card
1369,2024-12-14,C249,Customer_170,Kolkata,Smartphone,Electronics,5,24951,Card
1370,2024-02-07,C121,Customer_69,Bangalore,Backpack,Accessories,2,1378,NetBanking
1371,2024-06-11,C192,Customer_28,Delhi,Laptop,Electronics,3,55027,COD
1372,2024-05-18,C126,Customer_34,Delhi,Headphones,Electronics,4,1529,Wallet
1373,2024-10-11,C231,Customer_105,Delhi,Laptop,Electronics,1,54981,Wallet
1374,2024-02-17,C252,Customer_154,Pune,Backpack,Accessories,1,1149,NetBanking
1375,2024-07-17,C299,Customer_22,Hyderabad,Jeans,Fashion,5,2086,NetBanking
1376,2024-03-27,C135,Customer_69,Chennai,T-shirt,Fashion,4,674,UPI
1377,2024-03-26,C211,Customer_71,Kolkata,T-shirt,Fashion,4,1000,UPI
1378,2024-07-03,C164,Customer_64,Ahmedabad,Jeans,Fashion,5,2100,NetBanking
1379,2024-02-24,C134,Customer_78,Mumbai,Backpack,Accessories,3,1317,NetBanking
1380,2024-06-17,C212,Customer_86,Kolkata,Jeans,Fashion,2,2153,COD
1381,2024-11-04,C277,Customer_52,Ahmedabad,Watch,Accessories,2,3003,COD
1382,2024-05-29,C288,Customer_178,Ahmedabad,Jeans,Fashion,2,2166,NetBanking
1383,2024-05-23,C200,Customer_94,Delhi,Jeans,Fashion,2,2303,Wallet
1384,2024-04-02,C274,Customer_197,Mumbai,Tablet,Electronics,2,18024,COD
1385,2024-12-20,C117,Customer_105,Ahmedabad,Headphones,Electronics,3,1423,COD
1386,2024-12-03,C139,Customer_184,Kolkata,Backpack,Accessories,1,1229,Wallet
1387,2024-09-02,C249,Customer_103,Kolkata,Camera,Electronics,1,39984,Wallet
1388,2024-10-31,C263,Customer_22,Delhi,Shoes,Fashion,3,1885,Wallet
1389,2024-01-23,C244,Customer_166,Kolkata,Watch,Accessories,4,2854,UPI
1390,2024-02-20,C166,Customer_57,Hyderabad,Tablet,Electronics,3,18000,NetBanking
1391,2024-12-13,C250,Customer_177,Bangalore,Watch,Accessories,1,3047,UPI
1392,2024-05-31,C206,Customer_22,Delhi,Headphones,Electronics,3,1459,COD
1393,2024-08-21,C300,Customer_53,Ahmedabad,Watch,Accessories,4,2849,NetBanking
1394,2024-12-22,C215,Customer_82,Delhi,T-shirt,Fashion,1,963,UPI
1395,2024-01-12,C187,Customer_166,Delhi,Headphones,Electronics,2,1564,Card
1396,2024-10-09,C140,Customer_85,Kolkata,Tablet,Electronics,2,18007,Card
1397,2024-04-05,C263,Customer_169,Kolkata,Backpack,Accessories,1,1377,Wallet
1398,2024-04-11,C215,Customer_152,Kolkata,Backpack,Accessories,1,1360,Card
1399,2024-04-15,C171,Customer_193,Delhi,Jeans,Fashion,1,2274,Card
1400,2024-07-06,C183,Customer_51,Ahmedabad,Smartphone,Electronics,3,25143,NetBanking
1401,2024-09-27,C263,Customer_81,Kolkata,Jeans,Fashion,4,2300,UPI
1402,2024-06-27,C190,Customer_118,Bangalore,T-shirt,Fashion,5,902,UPI
1403,2024-12-10,C134,Customer_81,Delhi,Shoes,Fashion,3,1859,Card
1404,2024-07-10,C277,Customer_37,Kolkata,Backpack,Accessories,5,1070,Wallet
1405,2024-07-15,C208,Customer_48,Ahmedabad,Camera,Electronics,2,40084,Card
1406,2024-09-07,C173,Customer_36,Bangalore,Watch,Accessories,4,3117,UPI
1407,2024-07-02,C102,Customer_125,Bangalore,Shoes,Fashion,4,2087,Wallet
1408,2024-11-30,C226,Customer_105,Ahmedabad,Backpack,Accessories,4,1250,Card
1409,2024-02-12,C244,Customer_8,Hyderabad,T-shirt,Fashion,1,740,Card
1410,2024-10-02,C173,Customer_44,Ahmedabad,Jeans,Fashion,4,2281,Wallet
1411,2024-02-27,C246,Customer_30,Chennai,Camera,Electronics,3,40077,UPI
1412,2024-08-13,C239,Customer_56,Kolkata,Smartphone,Electronics,2,24952,UPI
1413,2024-08-18,C167,Customer_90,Delhi,Tablet,Electronics,1,18197,Card
1414,2024-04-17,C288,Customer_151,Pune,Jeans,Fashion,4,2084,Wallet
1415,2024-03-12,C300,Customer_53,Hyderabad,Laptop,Electronics,5,54979,Wallet
1416,2024-05-23,C252,Customer_138,Bangalore,Watch,Accessories,3,2948,Wallet
1417,2024-05-16,C231,Customer_174,Delhi,Headphones,Electronics,4,1330,COD
1418,2024-12-01,C132,Customer_180,Bangalore,Shoes,Fashion,2,2164,COD
1419,2024-05-06,C294,Customer_174,Kolkata,Tablet,Electronics,2,18095,COD
1420,2024-11-17,C206,Customer_97,Ahmedabad,Smartphone,Electronics,1,25006,Wallet
1421,2024-05-22,C277,Customer_95,Ahmedabad,Tablet,Electronics,3,18097,UPI
1422,2024-02-17,C287,Customer_118,Pune,Smartphone,Electronics,5,25003,Card
1423,2024-08-07,C154,Customer_127,Chennai,Watch,Accessories,3,2972,Wallet
1424,2024-10-22,C133,Customer_145,Ahmedabad,Watch,Accessories,1,2823,UPI
1425,2024-11-16,C300,Customer_118,Mumbai,Smartphone,Electronics,2,25025,NetBanking
1426,2024-01-01,C209,Customer_52,Bangalore,T-shirt,Fashion,2,740,UPI
1427,2024-12-01,C192,Customer_65,Delhi,Watch,Accessories,2,2826,NetBanking
1428,2024-11-16,C178,Customer_186,Hyderabad,Backpack,Accessories,1,1360,UPI
1429,2024-01-01,C154,Customer_123,Delhi,Headphones,Electronics,5,1415,Wallet
1430,2024-12-14,C213,Customer_3,Mumbai,Watch,Accessories,1,3016,Card
1431,2024-09-01,C118,Customer_59,Kolkata,Smartphone,Electronics,1,24852,COD
1432,2024-07-07,C176,Customer_36,Kolkata,Headphones,Electronics,2,1335,Wallet
1433,2024-10-15,C102,Customer_157,Bangalore,Tablet,Electronics,3,18169,Card
1434,2024-11-17,C291,Customer_39,Kolkata,Jeans,Fashion,4,2111,UPI
1435,2024-02-21,C135,Customer_193,Delhi,Jeans,Fashion,4,2179,NetBanking
1436,2024-06-10,C135,Customer_64,Chennai,Smartphone,Electronics,2,25083,Wallet
1437,2024-11-03,C284,Customer_156,Chennai,Laptop,Electronics,3,54905,Wallet
1438,2024-11-06,C230,Customer_49,Kolkata,T-shirt,Fashion,1,722,NetBanking
1439,2024-07-16,C128,Customer_62,Ahmedabad,Jeans,Fashion,1,2270,UPI
1440,2024-07-03,C181,Customer_34,Kolkata,Jeans,Fashion,4,2187,Wallet
1441,2024-12-15,C144,Customer_196,Ahmedabad,Smartphone,Electronics,1,25100,UPI
1442,2024-01-08,C167,Customer_56,Mumbai,Laptop,Electronics,4,55059,COD
1443,2024-11-17,C282,Customer_129,Kolkata,Backpack,Accessories,4,1042,Wallet
1444,2024-10-02,C257,Customer_40,Chennai,Smartphone,Electronics,3,24840,Wallet
1445,2024-04-14,C139,Customer_138,Pune,Backpack,Accessories,5,1324,UPI
1446,2024-06-07,C278,Customer_112,Hyderabad,Laptop,Electronics,2,54844,NetBanking
1447,2024-02-29,C216,Customer_157,Mumbai,T-shirt,Fashion,2,661,UPI
1448,2024-12-28,C135,Customer_180,Mumbai,Headphones,Electronics,4,1477,Wallet
1449,2024-09-21,C300,Customer_185,Chennai,Headphones,Electronics,3,1364,COD
1450,2024-03-01,C297,Customer_8,Pune,Backpack,Accessories,3,1268,UPI
1451,2024-05-14,C282,Customer_148,Delhi,Tablet,Electronics,4,18061,COD
1452,2024-01-29,C227,Customer_146,Bangalore,Watch,Accessories,2,2930,UPI
1453,2024-10-20,C272,Customer_186,Delhi,Shoes,Fashion,5,1801,UPI
1454,2024-01-07,C162,Customer_12,Ahmedabad,Watch,Accessories,4,2876,Card
1455,2024-01-19,C241,Customer_183,Kolkata,Shoes,Fashion,3,1927,NetBanking
1456,2024-06-12,C169,Customer_20,Pune,Smartphone,Electronics,5,25144,UPI
1457,2024-04-01,C157,Customer_133,Mumbai,Backpack,Accessories,1,1238,COD
1458,2024-06-08,C183,Customer_23,Ahmedabad,Laptop,Electronics,3,54902,COD
1459,2024-10-15,C300,Customer_78,Hyderabad,Tablet,Electronics,3,18102,NetBanking
1460,2024-04-10,C287,Customer_140,Hyderabad,Headphones,Electronics,1,1509,UPI
1461,2024-04-29,C238,Customer_89,Mumbai,Watch,Accessories,1,3188,NetBanking
1462,2024-06-06,C126,Customer_53,Hyderabad,Backpack,Accessories,4,1030,Card
1463,2024-12-30,C171,Customer_24,Mumbai,Shoes,Fashion,5,2011,COD
1464,2024-08-22,C291,Customer_22,Delhi,Camera,Electronics,2,40126,NetBanking
1465,2024-02-08,C251,Customer_146,Mumbai,Backpack,Accessories,2,1121,COD
1466,2024-05-13,C180,Customer_101,Pune,Watch,Accessories,4,2939,Card
1467,2024-02-08,C151,Customer_35,Delhi,Headphones,Electronics,1,1384,NetBanking
1468,2024-08-26,C180,Customer_105,Delhi,Camera,Electronics,3,40194,Card
1469,2024-08-19,C178,Customer_119,Chennai,Smartphone,Electronics,1,24880,COD
1470,2024-12-26,C278,Customer_155,Mumbai,Shoes,Fashion,3,1875,UPI
1471,2024-12-30,C163,Customer_92,Kolkata,Camera,Electronics,1,40146,COD
1472,2024-05-13,C144,Customer_8,Kolkata,Tablet,Electronics,5,18183,Wallet
1473,2024-05-07,C124,Customer_119,Delhi,Headphones,Electronics,1,1306,UPI
1474,2024-04-23,C133,Customer_51,Kolkata,Watch,Accessories,1,3098,Wallet
1475,2024-05-12,C119,Customer_6,Delhi,Shoes,Fashion,4,1865,UPI
1476,2024-06-18,C131,Customer_11,Ahmedabad,Laptop,Electronics,2,55093,NetBanking
1477,2024-07-21,C227,Customer_8,Kolkata,Backpack,Accessories,2,1181,Card
1478,2024-04-05,C170,Customer_72,Ahmedabad,Headphones,Electronics,1,1614,Wallet
1479,2024-11-11,C162,Customer_166,Chennai,Tablet,Electronics,4,18081,NetBanking
1480,2024-02-01,C122,Customer_72,Kolkata,Headphones,Electronics,4,1402,Wallet
1481,2024-05-07,C261,Customer_140,Mumbai,Backpack,Accessories,3,1245,Wallet
1482,2024-09-05,C188,Customer_145,Pune,Backpack,Accessories,3,1092,UPI
1483,2024-06-12,C252,Customer_57,Mumbai,T-shirt,Fashion,1,841,Wallet
1484,2024-07-02,C296,Customer_150,Hyderabad,Headphones,Electronics,1,1426,Card
1485,2024-05-16,C236,Customer_189,Mumbai,Shoes,Fashion,5,1998,COD
1486,2024-03-29,C145,Customer_61,Pune,Watch,Accessories,5,2814,COD
1487,2024-10-17,C244,Customer_37,Hyderabad,Tablet,Electronics,5,17958,Card
1488,2024-09-08,C109,Customer_24,Mumbai,Shoes,Fashion,5,1912,UPI
1489,2024-09-26,C222,Customer_1,Pune,Jeans,Fashion,2,2066,COD
1490,2024-03-31,C182,Customer_16,Mumbai,Headphones,Electronics,5,1660,Card
1491,2024-02-26,C234,Customer_94,Delhi,Watch,Accessories,4,3100,UPI
1492,2024-06-21,C177,Customer_83,Bangalore,Headphones,Electronics,4,1627,NetBanking
1493,2024-11-28,C181,Customer_45,Pune,Shoes,Fashion,5,1889,NetBanking
1494,2024-06-06,C287,Customer_177,Chennai,Headphones,Electronics,2,1673,UPI
1495,2024-12-25,C246,Customer_101,Mumbai,Headphones,Electronics,5,1462,Wallet
1496,2024-04-23,C263,Customer_145,Delhi,Tablet,Electronics,2,17969,UPI
1497,2024-05-01,C188,Customer_82,Bangalore,Smartphone,Electronics,3,25028,UPI
1498,2024-05-15,C153,Customer_64,Delhi,Watch,Accessories,3,2855,UPI
1499,2024-01-25,C198,Customer_113,Kolkata,Headphones,Electronics,4,1552,NetBanking
